{
  "orientation": "Vertical",
  "nodeLayouts": {
    "inputs": {
      "x": 15.3333740234375,
      "y": 46.66667175292969,
      "index": -1
    },
    "outputs": {
      "x": -51.98582458496094,
      "y": 867.8177490234375,
      "index": -1
    },
    "question_embedding": {
      "x": 93.54864501953125,
      "y": 192.21134185791016,
      "height": 75,
      "index": 0
    },
    "customer_lookup": {
      "x": -212.03643798828125,
      "y": 155.3359375,
      "height": 75,
      "index": 1
    },
    "retrieve_support_documentation": {
      "x": 88.90264892578125,
      "y": 313.4553527832031,
      "height": 75,
      "index": 2
    },
    "customer_prompt": {
      "x": -188.94631958007812,
      "y": 533.9748077392578,
      "index": 3
    },
    "llm_call": {
      "x": -23.758331298828125,
      "y": 636.2161712646484,
      "index": 4
    },
    "context": {
      "x": 80.78131103515625,
      "y": 717.8177490234375,
      "index": 5
    }
  },
  "viewport": {
    "transformMatrix": [
      1,
      0,
      0,
      1,
      -1.752685546875,
      -106.1666488647461
    ]
  }
}