{
  "orientation": "Vertical",
  "nodeLayouts": {
    "inputs": {
      "x": 15.3333740234375,
      "y": 46.66667175292969,
      "index": -1
    },
    "outputs": {
      "x": -51.98582458496094,
      "y": 867.8177490234375,
      "index": -1
    },
    "question_embedding": {
      "x": 113.0364990234375,
      "y": 314.4661178588867,
      "height": 75,
      "index": 0
    },
    "customer_lookup": {
      "x": -212.03643798828125,
      "y": 155.3359375,
      "height": 75,
      "index": 1
    },
    "retrieve_support_documentation": {
      "x": 122.51806640625,
      "y": 422.9714050292969,
      "height": 75,
      "index": 2
    },
    "customer_prompt": {
      "x": -226.48971557617188,
      "y": 445.60675048828125,
      "index": 3
    },
    "llm_call": {
      "x": -30.914398193359375,
      "y": 605.8125152587891,
      "index": 4
    },
    "context": {
      "x": 80.78131103515625,
      "y": 717.8177490234375,
      "index": 5
    }
  },
  "viewport": {
    "transformMatrix": [
      1,
      0,
      0,
      1,
      -1.752685546875,
      -106.1666488647461
    ]
  }
}